,Movie,Worldwide Lifetime Gross / US$,% Gross in US
0,Avatar,2923818852,26.9
1,Avengers: Endgame,2797501328,30.7
2,Titanic,2201647264,30.0
3,Star Wars: Episode VII - The Force Awakens,2069521700,45.3
4,Avengers: Infinity War,2048359754,33.1
5,Spider-Man: No Way Home,1920618834,42.4
6,Jurassic World,1671537444,39.1
7,The Lion King,1663250487,32.7
8,The Avengers,1518815515,41.0
9,Furious 7,1515341399,23.3
10,Top Gun: Maverick,1484590000,48.2
11,Frozen II,1450026933,32.9
12,Avengers: Age of Ultron,1402809540,32.7
13,Black Panther,1347597973,52.0
14,Harry Potter and the Deathly Hallows: Part 2,1342359942,28.4
15,Star Wars: Episode VIII - The Last Jedi,1332698830,46.5
16,Jurassic World: Fallen Kingdom,1310466296,31.9
17,Frozen,1304550716,30.7
18,Beauty and the Beast,1273576220,39.6
19,Incredibles 2,1243089244,49.0
20,The Fate of the Furious,1236005118,18.3
21,Iron Man 3,1214811252,33.7
22,Minions,1159444662,29.0
23,Captain America: Civil War,1153337496,35.4
24,Aquaman,1148528393,29.2
25,The Lord of the Rings: The Return of the King,1146436214,33.0
26,Spider-Man: Far from Home,1131927996,34.5
27,Captain Marvel,1128462972,37.8
28,Transformers: Dark of the Moon,1123794079,31.4
29,Jurassic Park,1109802321,36.4
30,Skyfall,1108569499,27.5
31,Transformers: Age of Extinction,1104054072,22.2
32,The Dark Knight Rises,1081169825,41.4
33,Joker,1074445730,31.2
34,Star Wars: Episode IX - The Rise of Skywalker,1074149279,48.0
35,Toy Story 4,1073394593,40.4
36,Toy Story 3,1066970811,38.9
37,Pirates of the Caribbean: Dead Man's Chest,1066179747,39.7
38,The Lion King,1063611805,39.8
39,Rogue One: A Star Wars Story,1058682142,50.4
40,Aladdin,1050693953,33.8
41,Pirates of the Caribbean: On Stranger Tides,1045713802,23.0
42,Despicable Me 3,1034800131,25.6
43,Finding Dory,1028570942,47.3
44,Star Wars: Episode I - The Phantom Menace,1027082707,46.2
45,Alice in Wonderland,1025468216,32.6
46,Zootopia,1024121104,33.3
47,Harry Potter and the Sorcerer's Stone,1022290019,31.2
48,The Hobbit: An Unexpected Journey,1017030651,29.8
49,The Dark Knight,1006234167,53.2
50,Jurassic World Dominion,1001136080,37.6
51,Harry Potter and the Deathly Hallows: Part 1,977070383,30.3
52,Despicable Me 2,970766005,37.9
53,The Jungle Book,966554929,37.7
54,Jumanji: Welcome to the Jungle,962542945,42.0
55,The Hobbit: The Battle of the Five Armies,962201338,26.5
56,Pirates of the Caribbean: At World's End,960996492,32.2
57,The Hobbit: The Desolation of Smaug,959027992,26.9
58,Doctor Strange in the Multiverse of Madness,955775804,43.0
59,The Lord of the Rings: The Two Towers,947926792,36.2
60,Harry Potter and the Order of the Phoenix,942201710,31.0
61,Finding Nemo,940352645,40.5
62,Harry Potter and the Half-Blood Prince,934483039,32.4
63,Minions: The Rise of Gru,932693620,39.5
64,Shrek 2,928760770,47.5
65,Bohemian Rhapsody,910809311,23.8
66,The Battle at Lake Changjin,902548476,0.1
67,The Lord of the Rings: The Fellowship of the Ring,898182036,35.2
68,Harry Potter and the Goblet of Fire,896730264,32.4
69,Spider-Man 3,894983373,37.6
70,Ice Age: Dawn of the Dinosaurs,886686817,22.2
71,No Time to Die,883639673,18.2
72,Spectre,880705312,22.7
73,Spider-Man: Homecoming,880166924,38.0
74,Harry Potter and the Chamber of Secrets,879928511,29.8
75,Ice Age: Continental Drift,877244782,18.4
76,The Secret Life of Pets,875458631,42.1
77,Batman v Superman: Dawn of Justice,873637528,37.8
78,Wolf Warrior 2,870325439,0.3
79,Star Wars: Episode III - Revenge of the Sith,868390560,43.8
80,The Hunger Games: Catching Fire,865011746,49.1
81,Guardians of the Galaxy Vol. 2,863756051,45.1
82,Inside Out,858848019,41.6
83,Venom,856085151,24.9
84,Thor: Ragnarok,853983879,36.9
85,Inception,836848102,35.0
86,Transformers: Revenge of the Fallen,836303693,48.1
87,The Twilight Saga: Breaking Dawn - Part 2,829747654,35.2
88,Spider-Man,825025036,49.3
89,Wonder Woman,822854286,50.2
90,"Hi, Mom",822009764,0.0
91,Independence Day,817400891,37.5
92,Fantastic Beasts and Where to Find Them,814044001,28.8
93,Shrek the Third,813367380,39.7
94,Coco,807817888,26.0
95,Jumanji: The Next Level,800059707,40.0
96,Harry Potter and the Prisoner of Azkaban,797660766,31.4
97,Pirates of the Caribbean: Dead Men Tell No Tales,794881442,21.7
98,E.T. the Extra-Terrestrial,792910554,55.1
99,Mission: Impossible - Fallout,791657398,27.8
100,2012,791217826,21.0
101,Indiana Jones and the Kingdom of the Crystal Skull,790653942,40.1
102,Spider-Man 2,788976453,47.4
103,Fast & Furious 6,788680968,30.3
104,Deadpool 2,785896609,41.3
105,Deadpool,782836791,46.4
106,Star Wars: Episode IV - A New Hope,775398007,59.4
107,Interstellar,773897851,24.3
108,Guardians of the Galaxy,773350147,43.2
109,The Batman,770836163,47.9
110,Thor: Love and Thunder,760740359,45.1
111,The Da Vinci Code,760006945,28.6
112,Fast & Furious Presents: Hobbs & Shaw,759056935,22.9
113,Maleficent,758411779,31.8
114,The Amazing Spider-Man,757930663,34.6
115,The Hunger Games: Mockingjay - Part 1,755356711,44.6
116,Shrek Forever After,752600867,31.7
117,Madagascar 3: Europe's Most Wanted,746921274,29.0
118,Suicide Squad,746846894,43.5
119,X-Men: Days of Future Past,746045700,31.4
120,"The Chronicles of Narnia: The Lion, the Witch and the Wardrobe",745013115,39.2
121,Monsters University,743559645,36.1
122,The Matrix Reloaded,741847937,38.0
123,Up,735099102,39.9
124,Ne Zha,726264074,0.5
125,F9: The Fast Saga,726229501,23.8
126,Gravity,723192705,37.9
127,Captain America: The Winter Soldier,714421503,36.4
128,The Twilight Saga: Breaking Dawn - Part 1,712205856,39.5
129,The Twilight Saga: New Moon,711025481,41.9
130,Dawn of the Planet of the Apes,710644566,29.4
131,Transformers,709709780,45.0
132,The Amazing Spider-Man 2,708982323,28.6
133,It,701842551,46.9
134,The Wandering Earth,699992512,0.8
135,The Twilight Saga: Eclipse,698491347,43.0
136,Mission: Impossible - Ghost Protocol,694713380,30.1
137,The Hunger Games,694394724,58.8
138,Detective Chinatown 3,686257563,0.0
139,Mission: Impossible - Rogue Nation,682716636,28.6
140,Forrest Gump,678226465,48.7
141,Doctor Strange,677796076,34.3
142,The Sixth Sense,672806432,43.6
143,Man of Steel,668045518,43.6
144,Ice Age: The Meltdown,667094506,29.3
145,Kung Fu Panda 2,665692281,24.8
146,Moana,660349731,37.7
147,Justice League,657926987,34.8
148,Big Hero 6,657869686,33.8
149,Fantastic Beasts: The Crimes of Grindelwald,654855901,24.4
150,Pirates of the Caribbean: The Curse of the Black Pearl,654264015,46.7
151,Star Wars: Episode II - Attack of the Clones,653779970,47.5
152,The Hunger Games: Mockingjay - Part 2,653428261,43.1
153,Thor: The Dark World,644783140,32.0
154,Sing,634338384,42.7
155,Kung Fu Panda,632083197,34.1
156,The Incredibles,631607053,41.4
157,The Martian,630620818,36.2
158,Hancock,629443428,36.2
159,Water Gate Bridge,626571561,0.1
160,Fast Five,626137675,33.5
161,Men in Black 3,624026776,28.7
162,Iron Man 2,623933331,50.1
163,Ratatouille,623726085,33.1
164,Ant-Man and the Wasp,622674139,34.8
165,How to Train Your Dragon 2,621537519,28.5
166,Logan,619179950,36.5
167,The Lost World: Jurassic Park,618638999,37.0
168,Casino Royale,616502912,27.2
169,The Passion of the Christ,612054506,60.6
170,Mamma Mia!,611257819,23.6
171,Life of Pi,609016565,20.5
172,Transformers: The Last Knight,605425157,21.5
173,Madagascar: Escape 2 Africa,603900354,29.8
174,War of the Worlds,603873119,38.8
175,Tangled,592462816,33.9
176,Quantum of Solace,589580482,28.6
177,Men in Black,589390539,42.5
178,The Croods,587235983,31.9
179,The Hangover Part II,586764305,43.4
180,Iron Man,585796247,54.5
181,I Am Legend,585410052,43.8
182,Ready Player One,582918849,23.6
183,"Monsters, Inc.",579707738,50.1
184,Operation Red Sea,579330426,0.3
185,Night at the Museum,574481229,43.7
186,Fifty Shades of Grey,569651467,29.2
187,Kong: Skull Island,566652812,29.7
188,The Smurfs,563749323,25.3
189,Cars 2,559852396,34.2
190,King Kong,556906378,39.2
191,Puss in Boots,554987477,26.9
192,The Mermaid,553810228,0.6
193,Armageddon,553709788,36.4
194,The Day After Tomorrow,552639571,33.8
195,Ted,549368315,39.8
196,American Sniper,547459020,64.0
197,Mission: Impossible II,546388108,39.4
198,Detective Chinatown 2,544185156,0.4
199,X-Men: Apocalypse,543934105,28.6
0,Sherlock Holmes: A Game of Shadows,543848418,34.4
1,Despicable Me,543157985,46.3
2,Cinderella,542358331,37.1
3,Madagascar,542063846,35.7
4,World War Z,540455876,37.5
5,Brave,538983207,44.0
6,Star Wars: Episode V - The Empire Strikes Back,538375067,54.4
7,The Simpsons Movie,536414293,34.1
8,The Revenant,532950503,34.5
9,The Meg,530517320,27.4
10,Ralph Breaks the Internet,529323962,38.0
11,Hotel Transylvania 3: Summer Vacation,528583774,31.7
12,The Boss Baby,527965936,33.2
13,Dunkirk,527016307,36.0
14,Godzilla,524976069,38.2
15,How to Train Your Dragon: The Hidden World,524580592,30.7
16,Sherlock Holmes,524028679,39.9
17,Meet the Fockers,522657936,53.4
18,WALL·E,521311890,42.9
19,Kung Fu Panda 3,521170825,27.5
20,Terminator 2: Judgment Day,520881154,39.5
21,Ant-Man,519311965,34.7
22,The Grinch,512858819,52.9
23,Venom: Let There Be Carnage,506863592,42.1
24,Ghost,505703557,43.0
25,Aladdin,504050219,43.1
26,Rio 2,498781117,26.4
27,Troy,497409852,26.8
28,Toy Story 2,497375381,49.4
29,How to Train Your Dragon,494879471,44.0
30,Twister,494580615,48.9
31,Oz the Great and Powerful,493311825,47.6
32,Clash of the Titans,493214993,33.1
33,Maleficent: Mistress of Evil,491730089,23.2
34,War for the Planet of the Apes,490719763,29.9
35,Shrek,488351320,54.9
36,Mr. & Mrs. Smith,487287646,38.2
37,Angels & Demons,485930816,27.4
38,Teenage Mutant Ninja Turtles,485004754,39.4
39,Bruce Almighty,484592874,50.1
40,Rio,483866518,29.7
41,Saving Private Ryan,482349603,45.0
42,Rise of the Planet of the Apes,481800873,36.7
43,Home Alone,476684675,60.0
44,Jaws,476512065,55.8
45,Hotel Transylvania 2,475186706,35.7
46,Star Wars: Episode VI - Return of the Jedi,475106177,65.1
47,Charlie and the Chocolate Factory,474968763,43.5
48,Indiana Jones and the Last Crusade,474171806,41.6
49,San Andreas,474009154,32.7
50,It Chapter Two,473122525,44.7
51,Wreck-It Ralph,471222889,40.2
52,Godzilla vs. Kong,470067014,21.5
53,The Hangover,469328079,59.1
54,The Lego Movie,468266122,55.1
55,Bumblebee,467989645,27.2
56,Star Trek Into Darkness,467365246,49.0
57,The Matrix,467222728,36.8
58,Gladiator,465380802,40.3
59,Pretty Woman,463406268,38.5
60,Cars,461991867,52.8
61,The Eight Hundred,461421559,0.1
62,X-Men: The Last Stand,460435291,50.9
63,National Treasure: Book of Secrets,459242249,47.9
64,Lucy,458863600,27.6
65,Mission: Impossible,457696391,39.5
66,300,456082343,46.2
67,The Last Samurai,454627263,24.4
68,Dying to Survive,451183391,0.0
69,Ocean's Eleven,450717150,40.7
70,"My People, My Country",450064993,0.5
71,Thor,449326618,40.3
72,Pearl Harbor,449220945,44.2
73,La La Land,449053815,33.6
74,Tarzan,448191819,38.2
75,Demon Slayer the Movie: Mugen Train,447691934,11.1
76,Men in Black II,445135288,43.5
77,The Bourne Ultimatum,444100035,51.2
78,The Mummy Returns,443280904,45.6
79,Alvin and the Chipmunks: The Squeakquel,443140005,49.6
80,Les Misérables,442299309,33.6
81,The Exorcist,441306145,52.8
82,Mrs. Doubtfire,441286195,49.7
83,Terminator Genisys,440603537,20.4
84,Warcraft,439048914,10.8
85,A Star Is Born,436233122,49.4
86,The Greatest Showman,435732529,40.0
87,Terminator 3: Rise of the Machines,433371112,34.7
88,Pokémon Detective Pikachu,433230304,33.3
89,Shang-Chi and the Legend of the Ten Rings,432243292,52.0
90,Die Another Day,431971116,37.3
91,The Secret Life of Pets 2,431058056,36.9
92,Cast Away,429632142,54.4
93,Rampage,428028233,23.6
94,The King's Speech,427374317,32.5
95,The Matrix Revolutions,427344325,32.6
96,The Intouchables,426588510,2.4
97,Bad Boys for Life,426505244,48.4
98,Django Unchained,426074373,38.2
99,Beauty and the Beast,424967620,51.5
100,Dances with Wolves,424208848,43.4
101,"My People, My Homeland",422390820,0.0
102,The Chronicles of Narnia: Prince Caspian,419665568,33.8
103,Sex and the City,418765519,36.4
104,The Captain,417282021,0.2
105,The Mummy,415933406,37.4
106,The Chronicles of Narnia: The Voyage of the Dawn Treader,415686217,25.1
107,Jason Bourne,415484914,39.1
108,The Wolverine,414828246,32.0
109,Kingsman: The Secret Service,414351546,31.0
110,Night at the Museum: Battle of the Smithsonian,413106170,42.9
111,Batman,411569241,61.1
112,The Bodyguard,411046449,29.7
113,Pacific Rim,411002906,24.8
114,Kingsman: The Golden Circle,410902662,24.4
115,The Mummy,409231607,19.6
116,Ice Age: Collision Course,408754975,15.7
117,Twilight,408430415,47.5
118,Signs,408247917,55.8
119,X2: X-Men United,407711549,52.7
120,The Wolf of Wall Street,406878233,28.7
121,Sing 2,406634822,40.0
122,Fantastic Beasts: The Secrets of Dumbledore,405161334,23.7
123,Alita: Battle Angel,404980543,21.2
124,The Mummy: Tomb of the Dragon Emperor,403449830,25.4
125,Prometheus,403354469,31.4
126,Gone with the Wind,402382193,49.9
127,Mamma Mia! Here We Go Again,402264843,30.0
128,Eternals,402064899,41.0
129,Sonic the Hedgehog 2,401872904,47.5
130,Dune,401847900,27.0
131,Uncharted,401748820,37.0
132,TRON: Legacy,400063852,43.0
133,Mission: Impossible III,398479497,33.6
134,Snow White and the Huntsman,396592829,39.2
135,Grease,396271103,48.0
136,Toy Story,394436586,56.6
137,Solo: A Star Wars Story,392924807,54.4
138,Superman Returns,391081192,51.2
139,Robin Hood: Prince of Thieves,390493908,42.4
140,Indiana Jones and the Raiders of the Lost Ark,389925971,63.6
141,Independence Day: Resurgence,389681935,26.5
142,Live Free or Die Hard,388156011,34.7
143,Monster Hunt,387053506,0.1
144,Godzilla: King of the Monsters,386600138,28.6
145,Home,386041607,46.0
146,Star Trek,385680446,66.8
147,1917,384938032,41.4
148,Happy Feet,384336108,51.5
149,Cars 3,383930656,39.8
150,Back to the Future,383336762,55.5
151,Ice Age,383257136,46.0
152,Fifty Shades Darker,381545846,30.0
153,Monsters vs. Aliens,381509870,52.0
154,Black Widow,379751655,48.4
155,Godzilla,379014294,36.0
156,True Lies,378882411,38.6
157,Slumdog Millionaire,378410542,37.4
158,Taken 2,376152455,37.2
159,G.I. Joe: Retaliation,375740705,32.6
160,Mad Max: Fury Road,375709470,41.0
161,Spider-Man: Into the Spider-Verse,375540831,50.7
162,Shark Tale,374583879,42.9
163,Once Upon a Time in Hollywood,374565754,38.0
164,What Women Want,374111707,48.9
165,The Adventures of Tintin,373993951,20.8
166,Batman Begins,373672993,55.4
167,Penguins of Madagascar,373515621,22.4
168,X-Men Origins: Wolverine,373062864,48.2
169,The Golden Compass,372234864,18.8
170,Fifty Shades Freed,371985018,27.0
171,Hitch,371594210,48.3
172,Terminator Salvation,371353001,33.8
173,Captain America: The First Avenger,370569774,47.7
174,Edge of Tomorrow,370541256,27.0
175,There's Something About Mary,369884651,47.7
176,Gone Girl,369330363,45.4
177,The Fugitive,368875760,49.8
178,Jurassic Park III,368780809,49.1
179,My Big Fat Greek Wedding,368744044,65.5
180,Hello Mr. Billionaire,366961907,0.0
181,Die Hard with a Vengeance,366101666,27.3
182,Shazam!,366080049,38.4
183,The Nun,365582797,32.1
184,Alvin and the Chipmunks,365352546,59.5
185,Tenet,365294355,16.0
186,Notting Hill,363889678,31.9
187,A Bug's Life,363258859,44.8
188,Night at the Museum: Secret of the Tomb,363204635,31.3
189,Ocean's Twelve,362744280,34.6
190,Planet of the Apes,362211740,49.7
191,The Hangover Part III,362000072,31.0
192,The World Is Not Enough,361832400,35.1
193,Monster Hunt 2,361682618,0.2
194,Fast & Furious,360366870,43.0
195,Noah,359200044,28.2
196,The Karate Kid,359126022,49.2
197,Home Alone 2: Lost in New York,358994850,48.4
198,Hotel Transylvania,358375603,41.4
199,Minority Report,358372926,36.8
0,Your Name.,358180115,1.4
1,Top Gun,357288178,50.4
2,The Legend of Tarzan,356700357,35.5
3,American Beauty,356296601,36.5
4,Spirited Away,355725195,3.9
5,Apollo 13,355237933,48.9
6,Rain Man,354825435,48.7
7,The Great Gatsby,353659851,41.0
8,Dumbo,353284621,32.5
9,"I, Robot",353133898,41.0
10,Basic Instinct,352927224,33.4
11,Murder on the Orient Express,352794081,29.2
12,X-Men: First Class,352616690,41.5
13,The Angry Birds Movie,352333929,30.5
14,GoldenEye,352194034,30.2
15,Catch Me If You Can,352114312,46.8
16,Now You See Me,351723989,33.5
17,Hannibal,351692268,46.9
18,The Mask,351583407,34.1
19,Peter Rabbit,351496066,32.8
20,Speed,350448145,34.6
21,Dinosaur,349822765,39.4
22,Mary Poppins Returns,349546142,49.2
23,Deep Impact,349464664,40.2
24,The Lorax,349183316,61.4
25,The Maze Runner,348319861,29.4
26,The Smurfs 2,347545360,20.4
27,National Treasure,347512318,49.8
28,Rush Hour 2,347325802,65.1
29,Trolls,347182886,44.4
30,xXx: Return of Xander Cage,346118277,13.0
31,Pocahontas,346079773,40.9
32,How the Grinch Stole Christmas,345823032,75.4
33,Star Trek Beyond,343471816,46.2
34,Alvin and the Chipmunks: Chipwrecked,342695435,38.8
35,Wanted,342463063,39.3
36,The Flintstones,341631208,38.2
37,A Quiet Place,340952971,55.2
38,Enchanted,340487836,37.5
39,Over the Hedge,339795890,45.6
40,300: Rise of an Empire,337580051,31.6
41,Batman Forever,336567158,54.7
42,Prince of Persia: The Sands of Time,336365676,27.0
43,The Curious Case of Benjamin Button,335802786,38.0
44,Journey 2: The Mysterious Island,335287748,31.0
45,The Rock,335062621,40.0
46,The Great Wall,334933831,13.6
47,Now You See Me 2,334897606,19.4
48,Never Say Die,334530869,0.0
49,Fantastic Four,333535934,46.4
50,Indiana Jones and the Temple of Doom,333107271,54.0
51,Tomorrow Never Dies,333011068,37.6
52,Back to the Future Part II,332500002,35.8
53,The Good Dinosaur,332207671,37.0
54,Free Guy,331526598,36.7
55,22 Jump Street,331333876,57.9
56,Meet the Parents,330444045,50.3
57,Who Framed Roger Rabbit,329803958,47.4
58,Black Swan,329398046,32.5
59,The Perfect Storm,328718434,55.6
60,Crocodile Dundee,328203506,53.3
61,Crazy Alien,327598891,0.0
62,Se7en,327333559,30.6
63,John Wick: Chapter 3 - Parabellum,327281779,52.2
64,The Devil Wears Prada,326706115,38.2
65,Taken 3,326479141,27.3
66,The Hunchback of Notre Dame,325338851,30.8
67,A Christmas Carol,325286646,42.4
68,The SpongeBob Movie: Sponge Out of Water,325186032,50.1
69,Schindler's List,322161245,30.1
70,Megamind,321885765,46.1
71,The Conjuring 2,321834351,31.8
72,Green Book,321752656,26.4
73,Lethal Weapon 3,321731527,45.0
74,Robin Hood,321669741,32.7
75,Inglourious Basterds,321457747,37.5
76,101 Dalmatians,320689294,42.5
77,The Conjuring,320406242,42.9
78,Fatal Attraction,320145693,48.9
79,Sonic the Hedgehog,319715683,46.6
80,The Last Airbender,319713881,41.2
81,The Proposal,317375031,51.7
82,A Beautiful Mind,316791257,53.9
83,Beverly Hills Cop,316360478,74.2
84,The Polar Express,315249768,59.9
85,Air Force One,315156409,54.9
86,The Expendables 2,314975955,27.0
87,Chicken Little,314432837,43.1
88,As Good as It Gets,314178011,47.3
89,Maze Runner: The Scorch Trials,312296056,26.2
90,Resident Evil: The Final Chapter,312242626,8.6
91,The Lego Batman Movie,312136671,56.4
92,Austin Powers: The Spy Who Shagged Me,312016928,66.0
93,Knives Out,311605581,53.1
94,Ocean's Thirteen,311312624,37.6
95,Little Fockers,310650585,47.8
96,Bolt,309979994,36.8
97,Ransom,309492681,44.1
98,Runaway Bride,309460292,49.2
99,The Blind Side,309231694,82.8
100,The Ex-File 3: The Return of The Exes,307592427,0.3
101,The Fault in Our Stars,307166834,40.6
102,The Pursuit of Happyness,307127625,53.3
103,Rise of the Guardians,306941670,33.7
104,Close Encounters of the Third Kind,306889114,44.0
105,Chicago,306776732,55.6
106,Annabelle: Creation,306515884,33.3
107,Wonder,306209289,43.2
108,Skyscraper,304868961,22.4
109,A Good Day to Die Hard,304654182,22.1
110,Mulan,304320254,39.6
111,Dangal,303723636,4.1
112,Passengers,303144152,33.0
113,Battleship,303025485,21.6
114,Liar Liar,302710615,59.9
115,G.I. Joe: The Rise of Cobra,302469017,49.7
116,Wrath of the Titans,301970083,27.7
117,Fantastic Four: Rise of the Silver Surfer,301913131,43.7
118,Hook,300854823,39.8
119,Superman,300478449,44.8
120,Rocky IV,300473716,42.6
121,Rambo: First Blood Part II,300400432,50.1
122,Resident Evil: Afterlife,300228084,20.0
123,Van Helsing,300157638,40.0
124,Stuart Little,300135367,46.7
125,Beverly Hills Cop II,299965036,51.2
126,Alice Through the Looking Glass,299820798,25.7
127,My Best Friend's Wedding,299288605,42.5
128,Real Steel,299268508,28.6
129,Horton Hears a Who!,298572799,51.8
130,Ocean's Eight,297795726,47.1
131,A Quiet Place Part II,297372261,53.8
132,The Divergent Series: Insurgent,297002527,43.8
133,Look Who's Talking,296999813,47.2
134,Austin Powers in Goldmember,296938801,71.8
135,Ghostbusters,296578797,82.1
136,Miss Peregrine's Home for Peculiar Children,296482446,29.4
137,X-Men,296339528,53.1
138,Ferdinand,296069199,28.5
139,Shutter Island,294805697,43.4
140,Doctor Dolittle,294456605,49.0
141,Bee Movie,293514336,43.1
142,Salt,293503354,40.3
143,G-Force,292817898,40.8
144,The Departed,291480452,45.4
145,What Lies Beneath,291420351,53.4
146,Pacific Rim: Uprising,290930148,20.6
147,The Bourne Supremacy,290835269,60.6
148,Sex and the City 2,290745055,32.8
149,Shakespeare in Love,289317794,34.7
150,Divergent,288885818,52.2
151,Coming to America,288752301,44.4
152,Wedding Crashers,288485135,72.5
153,Bridesmaids,288383523,58.6
154,Maze Runner: The Death Cure,288175335,20.1
155,Casper,287928194,34.8
156,American Pie 2,287553595,50.5
157,Pitch Perfect 2,287144079,64.2
158,The Green Mile,286801374,47.7
159,Oblivion,286168572,31.1
160,Elysium,286140700,32.5
161,Elvis,286040048,52.8
162,Lethal Weapon 4,285444603,45.7
163,John Carter,284139100,25.7
164,Turbo,282570682,29.4
165,Paddington,282377683,27.0
166,Bridget Jones's Diary,281995610,25.4
167,The Tourist,278780441,24.3
168,Split,278454417,49.7
169,Scary Movie,278019771,56.5
170,xXx,277448382,51.2
171,The Bourne Legacy,276144750,41.0
172,Mr. Peabody & Sherman,275698039,40.4
173,Scooby-Doo,275678613,55.6
174,Lincoln,275293450,66.2
175,Lara Croft: Tomb Raider,274703340,47.8
176,Tomb Raider,274650803,21.2
177,The Expendables,274470394,37.6
178,Cloudy with a Chance of Meatballs 2,274325949,43.7
179,The Nutty Professor,273961019,47.0
180,Jerry Maguire,273552592,56.3
181,Bad Boys II,273339556,50.7
182,Lilo & Stitch,273144151,53.4
183,The Silence of the Lambs,272742922,47.9
184,Grown Ups,271457301,59.7
185,Neighbors,270665134,55.5
186,The Firm,270248367,58.6
187,We're the Millers,269994119,55.7
188,Gran Torino,269958228,54.9
189,"10,000 BC",269784201,35.1
190,American Gangster,269755430,48.2
191,Epic,268426634,40.1
192,Exodus: Gods and Kings,268175631,24.2
193,Blade Runner 2049,267770708,34.4
194,Bambi,267447150,38.2
195,The Princess and the Frog,267045765,39.1
196,Batman Returns,266915287,61.0
197,Indecent Proposal,266614059,40.0
198,Something's Gotta Give,265328738,47.0
199,Bridget Jones: The Edge of Reason,265126918,15.2
0,The Incredible Hulk,264770996,50.9
1,Waterworld,264218220,33.4
2,The Truman Show,264118201,47.6
3,Charlie's Angels,264105545,47.4
4,The Fifth Element,263920180,24.2
5,Jumanji,262821940,38.2
6,Parasite,262566980,20.3
7,Borat: Cultural Learnings of America for Make Benefit Glorious Nation of Kazakhstan,262552893,48.9
8,Robots,262511490,48.8
9,Knight and Day,261989769,29.2
10,Total Recall,261317921,45.7
11,This Is It,261183588,27.6
12,Terminator: Dark Fate,261119292,23.8
13,The Lone Ranger,260502115,34.3
14,Super 8,260095986,48.8
15,Mojin: The Lost Legend,259368448,0.5
16,Charlie's Angels: Full Throttle,259175788,38.9
17,Rush Hour 3,258097122,54.3
18,The Full Monty,257938649,17.8
19,Kung Fu Yoga,257753889,0.1
20,Annabelle,257589721,32.7
21,Encanto,256786742,37.4
22,The Village,256697520,44.5
23,Lost in Hong Kong,256283912,0.5
24,Erin Brockovich,256271286,49.0
25,Pegasus,255863112,0.0
26,Get Out,255745157,68.9
27,Marley & Me,255743093,56.0
28,Halloween,255614941,62.3
29,Us,255229022,68.6
30,Cliffhanger,255000211,33.0
31,Baahubali 2: The Conclusion,254158390,7.9
32,Babe,254134910,25.0
33,Men in Black: International,253890701,31.5
34,Wild Hogs,253625427,66.4
35,High School Musical 3: Senior Year,252909177,35.8
36,Hercules,252712101,39.2
37,X-Men: Dark Phoenix,252442974,26.1
38,True Grit,252276927,67.9
39,Dolittle,251410631,30.6
40,Bean,251212670,18.0
41,American Hustle,251171807,59.8
42,Enemy of the State,250849789,44.5
43,You've Got Mail,250821495,46.2
44,Eragon,250425512,30.0
45,Brother Bear,250397798,34.1
46,The Godfather,250341816,54.5
47,The Mask of Zorro,250288523,37.6
48,The Ring,249348933,51.8
49,The Blair Witch Project,248639099,56.5
50,Unbreakable,248118121,38.3
51,The Bad Guys,247825440,39.0
52,Journey to the West: The Demons Strike Back,247585244,0.4
53,Dumb and Dumber,247290327,51.4
54,Glass,246999039,45.0
55,Grown Ups 2,246984278,54.1
56,The Peanuts Movie,246233113,52.9
57,Rango,245724603,50.2
58,Four Weddings and a Funeral,245700832,21.4
59,Face/Off,245676146,45.7
60,Teenage Mutant Ninja Turtles: Out of the Shadows,245623848,33.4
61,Dark Shadows,245527149,32.5
62,Hulk,245285165,53.9
63,Love Actually,245203167,24.4
64,The Bravest,245179562,0.1
65,Welcome to the Sticks,245144417,0.0
66,Back to the Future Part III,245077583,36.0
67,Pixels,244874809,32.2
68,Hercules,244819862,29.7
69,Rush Hour,244721064,57.7
70,Journey to the Center of the Earth,244232688,41.6
71,After Earth,243611982,24.8
72,A Few Good Men,243240178,58.1
73,Cloudy with a Chance of Meatballs,243006126,51.4
74,8 Mile,242875078,48.1
75,Daddy's Home,242786137,61.9
76,RoboCop,242688965,24.2
77,Eraser,242295562,41.8
78,Alien: Covenant,240891763,30.8
79,Sully,240797623,51.9
80,Assassin's Creed,240697856,22.7
81,Click,240685326,57.1
82,Legend of Deification,240663149,0.1
83,Resident Evil: Retribution,240159255,17.6
84,Die Hard 2,240031274,49.0
85,Crocodile Dundee II,239606210,45.6
86,Planes,239258712,37.7
87,Bullet Train,239159633,43.2
88,Crazy Rich Asians,238843729,73.2
89,Batman & Robin,238235719,45.1
90,Howl's Moving Castle,237536126,2.9
91,Gulliver's Travels,237382724,18.0
92,Gone in 60 Seconds,237202299,42.8
93,Saturday Night Fever,237113184,39.7
94,Silver Linings Playbook,236412453,55.9
95,2 Fast 2 Furious,236350661,53.8
96,Hidden Figures,235956898,71.9
97,A.I. Artificial Intelligence,235926552,33.3
98,Dead Poets Society,235860116,40.6
99,Spy,235666219,47.0
100,American Pie,235483004,43.6
101,American Reunion,234989584,24.3
102,Big Daddy,234801895,69.6
103,Alvin and the Chipmunks: The Road Chip,234798636,36.6
104,The Imitation Game,233555708,39.0
105,Cruella,233503234,36.9
106,The Day the Earth Stood Still,233093859,34.0
107,American Wedding,232722935,44.9
108,The Girl with the Dragon Tattoo,232617430,44.1
109,Juno,232372681,61.8
110,Argo,232325503,58.6
111,Mr. Bean's Holiday,232225908,14.3
112,The English Patient,231976425,33.9
113,Sister Act,231605150,60.3
114,Annabelle Comes Home,231252591,32.1
115,Constantine,230884728,32.9
116,Get Smart,230685453,56.5
117,Space Jam,230594962,39.3
118,Life Is Beautiful,230098753,25.0
119,The Heat,229930771,69.4
120,Ghostbusters,229147509,56.0
121,Ghost Rider,228738393,50.6
122,Goodbye Mr. Loser,228122928,0.6
123,Paddington 2,227994792,17.9
124,Sleepless in Seattle,227927165,55.6
125,Lethal Weapon 2,227853986,64.6
126,The Green Hornet,227817248,43.4
127,Out of Africa,227514205,38.3
128,Youth,227091290,0.8
129,Baby Driver,226945087,47.5
130,Immortals,226904017,36.8
131,Taken,226837760,63.9
132,Percy Jackson & the Olympians: The Lightning Thief,226497209,39.2
133,Lightyear,226425420,52.2
134,Hansel & Gretel: Witch Hunters,226349749,24.6
135,Valerian and the City of a Thousand Planets,225973340,18.2
136,Good Will Hunting,225933435,61.3
137,Better Days,225918798,0.8
138,Ford v Ferrari,225508210,52.2
139,Jumper,225132113,35.6
140,Elf,225097437,79.0
141,The Social Network,224920375,43.1
142,Chicken Run,224874811,47.5
143,Con Air,224012234,45.1
144,Interview with the Vampire: The Vampire Chronicles,223664608,47.1
145,Flightplan,223387299,40.2
146,Yes Man,223241637,43.8
147,Non-Stop,222809600,41.4
148,"Honey, I Shrunk the Kids",222724172,58.7
149,Fahrenheit 9/11,222446882,53.6
150,Wild Wild West,222104681,51.2
151,"My Country, My Parents",221831086,0.1
152,Geostorm,221600160,15.2
153,Presumed Innocent,221303188,39.0
154,Jungle Cruise,220889446,53.0
155,Scary Movie 3,220673217,49.8
156,Collateral,220239925,45.9
157,Inferno,220021259,15.6
158,Knocked Up,219922417,67.6
159,Green Lantern,219851172,53.0
160,What Happens in Vegas,219375562,36.6
161,It's Complicated,219103655,51.4
162,The Terminal,219100084,35.5
163,Captain Phillips,218791811,49.0
164,The Prince of Egypt,218613188,46.4
165,Jack Reacher,218340595,36.7
166,Kingdom of Heaven,218122627,21.7
167,The Emoji Movie,217776646,39.5
168,Too Cool to Kill,217254604,0.1
169,Dracula Untold,217124280,25.9
170,Central Intelligence,216972543,58.7
171,Million Dollar Baby,216763646,46.4
172,The Help,216639112,78.3
173,Twins,216614388,51.7
174,Little Women,216601214,49.9
175,Valentine's Day,216528528,51.0
176,Bad Teacher,216197492,46.4
177,A Little Red Flower,216000000,0.0
178,The Croods: A New Age,215905815,27.1
179,Clear and Present Danger,215887717,56.6
180,One Hundred and One Dalmatians,215880014,67.1
181,Ted 2,215863606,37.7
182,Dracula,215862692,38.2
183,Vertical Limit,215663859,32.1
184,Ghostbusters II,215394738,52.2
185,The Patriot,215294342,52.6
186,The Sorcerer's Apprentice,215283742,29.3
187,Just Go with It,214945591,47.9
188,The Expendables 3,214657577,18.3
189,Dirty Dancing,214577242,30.1
190,Creed II,214215889,54.0
191,Smallfoot,214115531,38.9
192,Public Enemies,214104620,45.4
193,The Bourne Identity,214034224,56.8
194,Disclosure,214015089,38.8
195,Pulp Fiction,213928762,50.4
196,The Aviator,213719942,48.0
197,"Crouching Tiger, Hidden Dragon",213525736,60.0
198,Braveheart,213216216,35.5
199,Into the Woods,212902372,60.1
0,Bedtime Stories,212874864,51.7
1,Miss Congeniality,212742720,50.2
2,Entrapment,212404396,41.3
3,Ace Ventura: When Nature Calls,212385533,51.0
4,End of Days,211989043,31.6
5,Bridget Jones's Baby,211952420,11.4
6,Fury,211822697,40.5
7,Battle Los Angeles,211819354,39.4
8,Australia,211787511,23.4
9,Due Date,211780824,47.5
10,Master and Commander: The Far Side of the World,211622535,44.4
11,A Series of Unfortunate Events,211468235,56.1
12,The Little Mermaid,211343479,52.8
13,Nice View,211019042,0.0
14,District 9,210888950,54.8
15,Moonraker,210308099,33.4
16,The Others,209947037,46.0
17,Horrible Bosses,209838559,56.0
18,Us and Them,209221380,0.0
19,Red Dragon,209196298,44.5
20,Tomorrowland,209035668,44.7
21,Me Before You,208314186,27.0
22,Safe House,208076205,60.7
23,S.W.A.T.,207725639,56.3
24,The Fast and the Furious,207517509,69.8
25,Traffic,207515725,59.8
26,Paranormal Activity 3,207039844,50.2
27,Philadelphia,206678440,37.5
28,The Conjuring: The Devil Made Me Do It,206401480,31.8
29,Sleepy Hollow,206071502,49.0
30,The Holiday,205850134,30.7
31,The Jungle Book,205843612,68.9
32,Raging Fire,205842393,0.2
33,London Has Fallen,205754447,30.4
34,The Break-Up,205668210,57.7
35,Journey to the West,205637183,0.1
36,The Ugly Truth,205599393,43.2
37,JFK,205405498,34.3
38,White House Down,205366737,35.6
39,Birds of Prey,205322941,41.0
40,A Dog's Purpose,205035819,31.5
41,Ponyo,204826668,7.7
42,Fun with Dick and Jane,204681899,53.9
43,Eat Pray Love,204594016,39.4
44,Ghostbusters: Afterlife,204334455,63.3
45,You Don't Mess with the Zohan,204313400,49.0
46,The Addams Family,203785209,49.4
47,Hairspray,203627753,58.4
48,King Arthur,203567857,25.5
49,Yogi Bear,203509374,49.3
50,Everest,203427584,21.4
51,Vanilla Sky,203388341,49.5
52,Arrival,203388186,49.4
53,Need for Speed,203277636,21.4
54,Garfield,203172417,37.1
55,Patch Adams,202292902,66.8
56,Teenage Mutant Ninja Turtles,202084756,67.0
57,DC League of Super-Pets,202010172,46.1
58,Kindergarten Cop,201957688,45.3
59,Straight Outta Compton,201634991,80.0
60,21 Jump Street,201585328,68.7
61,Valkyrie,201545517,41.2
62,Open Season,200811689,42.4
63,Cats & Dogs,200687492,46.5
64,The Hunt for Red October,200512643,60.8
65,Percy Jackson: Sea of Monsters,199850315,34.3
66,Two Weeks Notice,199043471,46.9
67,RED,199006387,45.4
68,Shock Wave 2,198921659,0.0
69,City of Angels,198685114,39.6
70,The Pacifier,198636868,56.9
71,50 First Dates,198520934,60.9
72,Total Recall,198467168,29.7
73,The Island,198326350,0.3
74,The Impossible,198087212,9.6
75,Lost in Thailand,197757387,0.1
76,Christopher Robin,197744377,50.2
77,Jack the Giant Slayer,197687603,33.0
78,Smurfs: The Lost Village,197183546,22.8
79,Chinese Doctors,197143218,0.0
80,Spy Kids 3: Game Over,197101678,56.7
81,Panic Room,197079546,48.9
82,The Other Woman,196710396,42.7
83,Stargate,196567262,36.4
84,Beowulf,196393745,41.9
85,The Vow,196114570,63.8
86,Anger Management,195745823,69.3
87,Tropic Thunder,195702963,56.5
88,The Shape of Water,195333312,32.7
89,Rocketman,195320400,49.3
90,The Pelican Brief,195268056,51.6
91,The BFG,195243411,28.4
92,The Intern,194564672,38.9
93,Wallace & Gromit: The Curse of the Were-Rabbit,194137091,28.9
94,Gnomeo & Juliet,193967670,51.5
95,The Sum of All Fears,193921372,61.3
96,Gangs of New York,193772504,40.2
97,The Monkey King 2,193678298,0.4
98,Paranormal Activity,193355800,55.8
99,Weathering with You,193348466,4.2
100,The Lego Movie 2: The Second Part,192456290,55.0
101,The Equalizer,192330738,52.8
102,Downton Abbey,192199131,50.4
103,Sheep Without a Shepherd,191602146,0.0
104,The Addams Family,191502426,59.3
105,The Longest Yard,191466556,82.6
106,The Lost City,190844029,55.2
107,The Santa Clause,190539357,76.4
108,Cheaper by the Dozen,190538630,72.8
109,The Equalizer 2,190400157,53.6
110,Hollow Man,190213455,38.5
111,Outbreak,189859560,35.6
112,The White Storm 2: Drug Lords,189396380,0.3
113,The X Files,189176423,44.4
114,Breakup Buddies,189017596,0.4
115,Rambo III,189015611,28.4
116,The Secret Life of Walter Mitty,188133322,31.0
117,Project Gutenberg,188116796,0.0
118,Jaws 2,187884007,43.5
119,12 Years a Slave,187733202,30.2
120,Heat,187436818,36.0
121,Mr. Popper's Penguins,187361754,36.4
122,The Grudge,187281115,58.9
123,I Now Pronounce You Chuck & Larry,187134117,64.2
124,The Horse Whisperer,186883563,40.3
125,Walk the Line,186797986,64.0
126,Jian Bing Man,186699768,0.0
127,The Jungle Book 2,186303759,25.7
128,The Final Destination,186167139,35.7
129,Atlantis: The Lost Empire,186053725,45.2
130,Inside Man,186003591,47.6
131,The Waterboy,185991646,86.8
132,Hugo,185770310,39.8
133,Pitch Perfect 3,185400345,56.6
134,Watchmen,185382813,58.0
135,The Birdcage,185260553,67.0
136,Moulin Rouge!,184935320,31.0
137,Snow White and the Seven Dwarfs,184925486,100.0
138,Hop,184367145,58.8
139,Bad Moms,183936074,61.6
140,Jupiter Ascending,183887723,25.8
141,Knowing,183658498,43.5
142,102 Dalmatians,183611771,36.5
143,Storks,183510278,39.7
144,Stand by Me Doraemon,183442714,0.0
145,Paul Blart: Mall Cop,183348429,79.8
146,Wayne's World,183097323,66.5
147,Maverick,183031272,55.5
148,Mirror Mirror,183018522,35.5
149,The Man in the Iron Mask,182968902,31.1
150,Cape Fear,182291969,43.4
151,The Haunted Mansion,182290266,41.6
152,The Monkey King Havoc in Heavens Palace,182206924,0.0
153,While You Were Sleeping,182057016,44.5
154,The Bridges of Madison County,182016617,39.3
155,From Vegas to Macau III,181732879,0.0
156,Poseidon,181674817,33.4
157,The First Wives Club,181489203,58.1
158,Cliff Walkers,181325565,0.1
159,Scooby-Doo 2: Monsters Unleashed,181239132,46.5
160,Hot Shots!,181096164,38.4
161,Road to Perdition,181001478,57.7
162,Kill Bill: Vol. 1,180906076,38.8
163,Abominable,180734901,33.9
164,The Scorpion King,180630907,50.4
165,Sweet Home Alabama,180622424,70.4
166,Daddy's Home 2,180613824,57.6
167,Hacksaw Ridge,180563636,37.2
168,Deja Vu,180557550,35.5
169,The Post,180419276,45.4
170,Dangerous Minds,179519401,47.3
171,The Dictator,179379533,33.2
172,The League of Extraordinary Gentlemen,179265204,37.1
173,Allegiant,179246868,36.9
174,Daredevil,179179718,57.2
175,City Slickers,179033791,69.3
176,He's Just Not That Into You,178866158,52.5
177,Eagle Eye,178767383,56.7
178,Along Came Polly,178311729,49.4
179,Flushed Away,178281554,36.3
180,Scary Movie 4,178262620,50.9
181,Dante's Peak,178127760,37.7
182,Brokeback Mountain,178062759,46.6
183,Patriot Games,178051587,46.8
184,Flubber,177977226,52.2
185,Baywatch,177856751,32.6
186,Double Jeopardy,177841558,65.6
187,War Horse,177584879,45.0
188,Paranormal Activity 2,177512032,47.7
189,How to Lose a Guy in 10 Days,177502387,59.6
190,Alien vs. Predator,177427090,45.2
191,Hero,177395557,30.3
192,The 40-Year-Old Virgin,177378645,61.7
193,The Butler,177313795,65.8
194,The Haunting,177311151,51.6
195,The Descendants,177243185,46.6
196,The A-Team,177238796,43.6
197,Tootsie,177200271,100.0
198,In the Line of Fire,176997168,57.8
199,Analyze This,176885658,60.4
